﻿Designator,Quantity,Value,Footprint,Package,MPN,DNP,Mount_Type,Description,Sim.Pins,Sim.Device,Sim.Type
"C1, C2",2,104,C_Disc_D7.5mm_W2.5mm_P5.00mm,,,,tht,Unpolarized capacitor,,,
"C10, C3, C4, C5, C6, C9",6,100nF,C_Disc_D7.5mm_W2.5mm_P5.00mm,,,,tht,Unpolarized capacitor,,,
"C7, C8",2,10uF,CP_Radial_D4.0mm_P2.00mm,,,,tht,Polarized capacitor,,,
D1,1,LED,LED_D3.0mm,,,,tht,Light emitting diode,1=K 2=A,,
J1,1,ADC_SIGNAL,PinHeader_1x01_P1.00mm_Vertical,,,,tht,"Generic connector, single row, 01x01, script generated (kicad-library-utils/schlib/autogen/connector/)",,,
J2,1,LASER,JST_EH_B2B-EH-A_1x02_P2.50mm_Vertical,,,,tht,"Generic connector, single row, 01x02, script generated",,,
J3,1,FN_RST_BTN,JST_EH_B3B-EH-A_1x03_P2.50mm_Vertical,,,,tht,"Generic connector, single row, 01x03, script generated",,,
J4,1,PHOTODIODE,JST_EH_B3B-EH-A_1x03_P2.50mm_Vertical,,,,tht,"Generic connector, single row, 01x03, script generated",,,
J5,1,SIGGEN,PinHeader_2x04_P2.54mm_Vertical,,,,tht,"Generic connector, double row, 02x04, counter clockwise pin numbering scheme (similar to DIP package numbering), script generated (kicad-library-utils/schlib/autogen/connector/)",,,
J6,1,5V_TERM,JST_EH_B2B-EH-A_1x02_P2.50mm_Vertical,,,,tht,"Generic screw terminal, single row, 01x02, script generated (kicad-library-utils/schlib/autogen/connector/)",,,
J7,1,OLED,JST_EH_B4B-EH-A_1x04_P2.50mm_Vertical,,,,tht,"Generic connector, single row, 01x04, script generated",,,
Q1,1,2N2222,TO-92,,,,tht,"Bipolar transistor symbol for simulation only, substrate tied to the emitter",1=C 2=B 3=E,NPN,GUMMELPOON
"R1, R2, R3, R4, R5, R7",6,1k,R_Axial_DIN0204_L3.6mm_D1.6mm_P7.62mm_Horizontal,,,,tht,Resistor,,,
R6,1,300,R_Axial_DIN0204_L3.6mm_D1.6mm_P7.62mm_Horizontal,,,,tht,Resistor,,,
U1,1,ESP32-DevKitC,ESP32-DevKitC,,,,tht,Development Kit,,,
U2,1,TL072,DIP-8_W7.62mm,,,,tht,"Dual Low-Noise JFET-Input Operational Amplifiers, DIP-8/SOIC-8",,,
