﻿pos_x,pos_y,rotation,side,designator,mpn,pack,footprint,value,mount_type
77.5,-68.46,90.0,top,C1,,,C_Disc_D7.5mm_W2.5mm_P5.00mm,104,tht
79.65,-91.77,90.0,top,C10,,,C_Disc_D7.5mm_W2.5mm_P5.00mm,100nF,tht
58.15,-92.77,180.0,top,C2,,,C_Disc_D7.5mm_W2.5mm_P5.00mm,104,tht
79.0,-74.77,-90.0,top,C3,,,C_Disc_D7.5mm_W2.5mm_P5.00mm,100nF,tht
72.5,-74.77,-90.0,top,C4,,,C_Disc_D7.5mm_W2.5mm_P5.00mm,100nF,tht
77.5,-48.27,-90.0,top,C5,,,C_Disc_D7.5mm_W2.5mm_P5.00mm,100nF,tht
71.0,-48.27,-90.0,top,C6,,,C_Disc_D7.5mm_W2.5mm_P5.00mm,100nF,tht
65.5,-76.2974,-90.0,top,C7,,,CP_Radial_D4.0mm_P2.00mm,10uF,tht
63.5,-49.77,-90.0,top,C8,,,CP_Radial_D4.0mm_P2.00mm,10uF,tht
65.65,-92.27,90.0,top,C9,,,C_Disc_D7.5mm_W2.5mm_P5.00mm,100nF,tht
116.0,-50.0,0.0,top,D1,,,LED_D3.0mm,LED,tht
77.5,-58.27,0.0,top,J1,,,PinHeader_1x01_P1.00mm_Vertical,ADC_SIGNAL,tht
124.2,-83.75,90.0,top,J2,,,JST_EH_B2B-EH-A_1x02_P2.50mm_Vertical,LASER,tht
124.0,-72.5,90.0,top,J3,,,JST_EH_B3B-EH-A_1x03_P2.50mm_Vertical,FN_RST_BTN,tht
51.8,-74.27,-90.0,top,J4,,,JST_EH_B3B-EH-A_1x03_P2.50mm_Vertical,PHOTODIODE,tht
53.0,-62.89,180.0,top,J5,,,PinHeader_2x04_P2.54mm_Vertical,SIGGEN,tht
121.5,-91.5,0.0,top,J6,,,JST_EH_B2B-EH-A_1x02_P2.50mm_Vertical,5V_TERM,tht
124.0,-59.5,90.0,top,J7,,,JST_EH_B4B-EH-A_1x04_P2.50mm_Vertical,OLED,tht
116.23,-79.27,0.0,top,Q1,,,TO-92,2N2222,tht
59.96,-86.27,180.0,top,R1,,,R_Axial_DIN0204_L3.6mm_D1.6mm_P7.62mm_Horizontal,1k,tht
71.5,-66.08,90.0,top,R2,,,R_Axial_DIN0204_L3.6mm_D1.6mm_P7.62mm_Horizontal,1k,tht
58.375,-71.77,0.0,top,R3,,,R_Axial_DIN0204_L3.6mm_D1.6mm_P7.62mm_Horizontal,1k,tht
72.0,-93.08,90.0,top,R4,,,R_Axial_DIN0204_L3.6mm_D1.6mm_P7.62mm_Horizontal,1k,tht
75.15,-93.08,90.0,top,R5,,,R_Axial_DIN0204_L3.6mm_D1.6mm_P7.62mm_Horizontal,1k,tht
116.0,-62.31,90.0,top,R6,,,R_Axial_DIN0204_L3.6mm_D1.6mm_P7.62mm_Horizontal,300,tht
116.0,-66.38,-90.0,top,R7,,,R_Axial_DIN0204_L3.6mm_D1.6mm_P7.62mm_Horizontal,1k,tht
85.3,-47.5966,0.0,top,U1,,,ESP32-DevKitC,ESP32-DevKitC,tht
58.38,-58.19,0.0,top,U2,,,DIP-8_W7.62mm,TL072,tht
